epoch,time,train/box_loss,train/cls_loss,train/dfl_loss,metrics/precision(B),metrics/recall(B),metrics/mAP50(B),metrics/mAP50-95(B),val/box_loss,val/cls_loss,val/dfl_loss,lr/pg0,lr/pg1,lr/pg2
1,249.22,2.37582,3.66652,2.02039,0.93858,0.14862,0.39511,0.23103,1.549,3.20174,1.42851,0.000251207,0.000251207,0.000251207
8,2006.12,0.56491,0.56241,0.92639,0.99872,1,0.995,0.89949,0.52802,0.51867,0.89238,0.000715708,0.000715708,0.000715708
